scenario,question,expected_style,v1_response,v1_time,v1_word_count,v1_style_matches,v2_response,v2_time,v2_word_count,v2_style_matches,v3_response,v3_time,v3_word_count,v3_style_matches
Technical Definition,Define machine learning in technical terms,"Technical, precise, formal","Machine learning (ML) is a field of computer science that gives computer systems the ability to learn from data without being explicitly programmed.  More technically, it can be defined as:

**A computer program is said to learn from experience E with respect to some class of tasks T and performance measure P, if its performance at tasks in T, as measured by P, improves with experience E.**

Let's break down each component:

*   **Task (T):** The specific problem the system is trying to solve. Examples include:
    *   **Classification:** Assigning an input to one of a predefined set of categories (e.g., spam detection, image recognition).
    *   **Regression:** Predicting a continuous value output given an input (e.g., predicting house prices, stock prices).
    *   **Clustering:** Grouping similar data points together (e.g., customer segmentation).
    *   **Anomaly Detection:** Identifying unusual data points (e.g., fraud detection).
    *   **Recommendation:** Suggesting items based on user preferences (e.g., movie recommendations).
    *   **Reinforcement Learning:** Learning to make a sequence of decisions to maximize a reward (e.g., game playing, robotics).

*   **Experience (E):** The data that the system uses to learn. This data can come in various forms:
    *   **Labeled Data:** Data where the correct output is known for each input (used in supervised learning).
    *   **Unlabeled Data:** Data where the correct output is unknown (used in unsupervised learning).
    *   **Interaction with an Environment:** Data generated by interacting with an environment and receiving feedback (used in reinforcement learning).

*   **Performance Measure (P):** A metric used to evaluate how well the system is performing at the task.  Examples include:
    *   **Accuracy:** The percentage of correct predictions.
    *   **Precision:** The proportion of positive identifications that were actually correct.
    *   **Recall:** The proportion of actual positives that were identified correctly.
    *   **F1-Score:** The harmonic mean of precision and recall.
    *   **Mean Squared Error (MSE):** The average squared difference between predicted and actual values (used in regression).
    *   **Reward:** In reinforcement learning, the cumulative reward received for a sequence of actions.

**In simpler terms:**

Machine learning involves designing algorithms that can analyze data, identify patterns, and make predictions or decisions with minimal human intervention.  The algorithm improves its performance over time as it is exposed to more data.

**Key Aspects to Consider:**

*   **Algorithms:**  Machine learning employs a wide variety of algorithms, each suited for different types of tasks and data.  Examples include linear regression, logistic regression, decision trees, support vector machines (SVMs), neural networks, k-means clustering, and many more.
*   **Data Representation:**  How data is represented is crucial for machine learning.  Feature engineering involves transforming raw data into a suitable format for the algorithm to learn from.
*   **Model Selection:**  Choosing the right algorithm and tuning its parameters (hyperparameters) are critical for achieving good performance.
*   **Overfitting and Underfitting:**  A model that is too complex may overfit the training data, performing well on the training data but poorly on unseen data.  A model that is too simple may underfit the data, failing to capture the underlying patterns.  Regularization techniques are often used to prevent overfitting.
*   **Generalization:**  The ability of a model to perform well on unseen data is known as generalization.  The goal of machine learning is to build models that generalize well.

In essence, machine learning automates the process of building predictive models by learning from data, allowing systems to adapt and improve over time.
",6.15,553,4,"In technical terms, **Machine Learning (ML) is the study and development of computer systems that can learn from data without being explicitly programmed.**  It involves algorithms that can automatically improve their performance on a specific task through experience.  This ""experience"" comes in the form of data, which is used to train the model.

Here's a breakdown of key aspects:

*   **Algorithms:**  ML relies on a diverse set of algorithms, each suited for different types of tasks and data.  Examples include:
    *   **Supervised Learning:** Learns a mapping function from an input to an output based on labeled training data (e.g., classification, regression).
    *   **Unsupervised Learning:**  Discovers hidden patterns and structures within unlabeled data (e.g., clustering, dimensionality reduction).
    *   **Reinforcement Learning:** An agent learns to make decisions in an environment to maximize a reward signal (e.g., game playing, robotics).
*   **Data:**  ML algorithms require data to learn. The quality and quantity of data significantly impact performance. Data is typically represented as:
    *   **Features:**  Individual measurable properties or characteristics of the data. Features are often arranged in a matrix where each row represents an instance, and each column represents a feature.
    *   **Labels/Targets (Supervised Learning):**  The known output or correct answer for each instance in the training data.
*   **Learning:** The process of adjusting the algorithm's internal parameters based on the data to improve performance.  This often involves:
    *   **Optimization:** Finding the parameter values that minimize a loss function (which measures the error between the algorithm's predictions and the true values).  Common optimization techniques include gradient descent.
    *   **Generalization:**  The ability of the trained model to perform well on *unseen* data (data that was not used during training).  A key goal is to avoid overfitting (memorizing the training data) and underfitting (failing to capture the underlying patterns).
*   **Model:** The resulting representation of the learned relationships in the data. This model can then be used to make predictions or decisions on new data.
*   **Performance Metrics:** Quantifiable measures used to evaluate the model's performance. Examples include accuracy, precision, recall, F1-score (for classification), and mean squared error (for regression).
*   **Mathematical Foundations:** ML relies heavily on mathematical concepts such as:
    *   **Linear Algebra:**  For representing and manipulating data as vectors and matrices.
    *   **Calculus:**  For optimization algorithms (e.g., gradient descent).
    *   **Probability and Statistics:**  For understanding data distributions, model evaluation, and uncertainty estimation.

**In summary:** Machine Learning is a data-driven approach to creating intelligent systems that can learn from data, improve their performance over time, and make predictions or decisions without explicit programming instructions. It's a multidisciplinary field that combines computer science, statistics, mathematics, and domain expertise to solve complex problems.
",4.423,437,5,"Machine learning (ML) is a field of artificial intelligence (AI) that focuses on the development of computer systems that can learn from data without being explicitly programmed.  In more technical terms, it can be defined as:

**Machine learning is the study and development of algorithms that allow computer systems to improve their performance on a specific task (T) with experience (E), as measured by a performance metric (P).**

Let's break down this definition:

*   **Task (T):**  This is the specific problem the machine learning system is designed to solve. Examples include:
    *   **Classification:** Assigning an input to one of several predefined categories (e.g., spam detection, image recognition).
    *   **Regression:** Predicting a continuous numerical value (e.g., predicting house prices, forecasting stock market trends).
    *   **Clustering:** Grouping similar data points together (e.g., customer segmentation, anomaly detection).
    *   **Recommendation:** Suggesting items or content to users (e.g., product recommendations, movie suggestions).
    *   **Generation:** Creating new data instances that resemble the training data (e.g., generating images, writing text).

*   **Experience (E):** This refers to the data that the machine learning system uses to learn.  This data can take various forms, such as:
    *   **Labeled data:** Data where the correct output is known (used in supervised learning).  For example, a dataset of images labeled with the objects they contain.
    *   **Unlabeled data:** Data where the correct output is unknown (used in unsupervised learning).  For example, a dataset of customer transactions without any pre-defined categories.
    *   **Interaction with an environment:**  Data generated through trial and error (used in reinforcement learning).  For example, a game-playing agent learning by playing the game and receiving rewards or penalties.

*   **Performance Metric (P):** This is a quantitative measure used to evaluate how well the machine learning system is performing on the task.  Examples include:
    *   **Accuracy:** The percentage of correct predictions.
    *   **Precision:** The proportion of correctly identified positive cases out of all predicted positive cases.
    *   **Recall:** The proportion of correctly identified positive cases out of all actual positive cases.
    *   **F1-score:** The harmonic mean of precision and recall.
    ",3.808,339,3
Simple Explanation,Explain AI to a 10-year-old,"Simple, creative, engaging","Okay, imagine you have a really smart puppy. This puppy can learn tricks, right? You show it how to sit, and you give it a treat when it does it right. After a while, the puppy knows how to sit just by hearing the word!

AI, or Artificial Intelligence, is kind of like teaching a computer to be that smart puppy, but for all sorts of things! Instead of treats, we give the computer lots and lots of information, like pictures, words, or numbers.

Here's how it works:

*   **Learning from Examples:** We show the computer tons of examples. For example, if we want it to recognize cats, we show it thousands of pictures of cats. The computer looks at all those pictures and figures out what makes a cat a cat (like pointy ears, whiskers, etc.).
*   **Making Predictions:** After learning, the computer can then *predict* what something is. If we show it a new picture, it can say, ""Hey, that looks like a cat!""
*   **Doing Tasks:** AI can also learn to do tasks, like play games, write stories, or even drive cars! It does this by practicing and getting better each time.

**So, what are some examples of AI?**

*   **Siri and Alexa:** They understand your voice and can answer questions.
*   **Netflix and YouTube:** They suggest movies and videos you might like based on what you've watched before.
*   **Video Games:** The computer-controlled characters in video games use AI to make decisions and react to your actions.
*   **Spam Filters:** Your email uses AI to filter out unwanted emails.

**Important things to remember about AI:**

*   **It's not magic:** It's just computers learning from lots of information.
*   **It's getting smarter all the time:** As we give computers more information and better ways to learn, they can do even more amazing things.
*   **People make AI:**  Scientists and programmers are the ones who create and teach AI.

So, AI is like a really smart computer that can learn from examples and do things that usually only humans can do. It's all about teaching computers to think and learn!
",4.464,352,3,"Okay, imagine you have a really smart puppy named Sparky. Sparky is good at learning tricks. You show him how to sit, and after a few tries, he gets it! He remembers it and can do it again and again.

AI is like Sparky, but instead of a puppy, it's a computer program! And instead of learning tricks like ""sit,"" it can learn all sorts of things, like:

*   **Recognizing things:** You can show it lots of pictures of cats, and after a while, it will learn to recognize a cat in a new picture all by itself! It can also recognize faces, even if they're wearing hats!
*   **Understanding language:** You can talk to it, and it can understand what you mean. It can even translate languages, like from English to Spanish!
*   **Playing games:** It can learn to play games like chess or checkers, and get really, really good at them! Sometimes, they can even beat the best human players.
*   **Making decisions:** It can help make decisions based on lots of information. For example, it can help a doctor decide what the best medicine is for a patient.

**How does it learn?**

It learns by looking at lots and lots of examples. Like you showed Sparky how to sit many times, we show the AI lots of pictures, words, or game moves. The more it sees, the better it gets at recognizing patterns and making predictions. This is called ""machine learning.""

**Where do we use AI?**

We use AI in lots of places!

*   **Your phone:** Face recognition to unlock your phone, or the voice assistant like Siri or Google Assistant.
*   **Online games:** Many online games use AI to control the characters you play against.
*   **Streaming services:** Netflix and Spotify use AI to recommend movies and songs you might like.
*   **Cars:** Some cars have AI that helps them drive safely, and some can even drive themselves!

**Is AI perfect?**

No, AI isn't perfect. Sometimes it makes mistakes, just like Sparky sometimes gets distracted by a squirrel! AI needs to be trained carefully and tested to make sure it's doing things correctly.

**Important:** AI is a tool, just like a hammer or a computer. It can be used for good things, like helping doctors or scientists, but it's important to use it responsibly and ethically.

So, in simple words, AI is a computer program that can learn and make decisions like a smart puppy, but much more powerful!
",4.915,413,2,"Okay, imagine you have a really, really smart robot friend. That robot friend is powered by something called Artificial Intelligence, or AI for short.

Think of AI like teaching a computer to learn and think like a human, but in a special way.

Here's how it works:

*   **Learning from Examples:** Imagine you're teaching your dog to sit. You show them what ""sit"" looks like, and give them a treat when they do it right. AI is similar! We give computers lots and lots of examples. For instance, if we want AI to recognize cats, we show it millions of pictures of cats. The computer learns what cats look like by looking at all those pictures.

*   **Finding Patterns:** After seeing all those cat pictures, the computer starts to notice patterns. It learns that cats usually have pointy ears, whiskers, and fur. It uses these patterns to figure out if a new picture is also a cat.

*   **Making Decisions:** Once the computer has learned a lot, it can start making decisions. If you show it a new picture, it can say, ""I think this is a cat!"" or ""I don't think this is a cat.""

**So, what can AI do?**

*   **Help you find things online:** When you ask Google a question, AI helps it understand what you're asking and find the best answers.
*   **Play games:** Some video games use AI to make the characters you play against smarter and more challenging.
*   **Recommend movies or songs:** When Netflix suggests a movie you might like, that's AI at work! It's learned what kinds of movies you enjoy and is trying to find more that you'll like.
*   **Drive cars (in the future!):** Some companies are working on self-driving cars that use AI to see the road, avoid obstacles, and get you where you need to go.
*   **Help doctors:** AI can help doctors diagnose diseases by looking at X-rays and other medical images.

**Important things to remember:**

*   **AI is not magic:** It's just really clever computer programs.
*   **AI is still learning:** It's not perfect, and it can sometimes make mistakes.
*   **AI is created by people:** People decide what AI learns and how it's used.

So, AI is like a super-smart computer that can learn from",4.301,380,3
Comparison Question,What's the difference between supervised and unsupervised learning?,"Balanced, comparative, structured","The core difference between supervised and unsupervised learning lies in whether the learning algorithm is provided with **labeled data** or **unlabeled data**.

Here's a breakdown:

**Supervised Learning:**

*   **Definition:** The algorithm learns from a labeled dataset, meaning each data point has an associated ""correct answer"" or target variable. The goal is to learn a mapping function that can predict the label for new, unseen data points.
*   **Labeled Data:** Training data includes both the input features (attributes) and the desired output (label).  Think of it like learning with a teacher providing the answers.
*   **Goal:** Predict the output (label) for new, unseen input data.
*   **Examples:**
    *   **Classification:** Predicting a category (e.g., spam/not spam, cat/dog/bird).
    *   **Regression:** Predicting a continuous value (e.g., house price, temperature).
*   **Algorithms:**
    *   Linear Regression
    *   Logistic Regression
    *   Support Vector Machines (SVM)
    *   Decision Trees
    *   Random Forests
    *   Naive Bayes
    *   K-Nearest Neighbors (KNN)

**Unsupervised Learning:**

*   **Definition:** The algorithm learns from an unlabeled dataset, meaning the data points only have input features and no associated target variable. The goal is to discover hidden patterns, structures, or relationships within the data. Think of it like exploring data without any prior knowledge of what you're looking for.
*   **Unlabeled Data:** Training data only includes the input features, without any corresponding labels or target variables.
*   **Goal:** Discover patterns, structures, or relationships in the data.  This could be grouping similar data points together, reducing the dimensionality of the data, or finding associations between different features.
*   **Examples:**
    *   **Clustering:** Grouping similar data points together into clusters (e.g., customer segmentation, anomaly detection).
    *   **Dimensionality Reduction:** Reducing the number of features while preserving important information (e.g., principal component analysis).
    *   **Association Rule Mining:** Discovering relationships between variables (e.g., market basket analysis - ""people who buy X also tend to buy Y"").
*   **Algorithms:**
    *   K-Means Clustering
    *   Hierarchical Clustering
    *   Principal Component Analysis (PCA)
    *   Association Rule Mining (Apriori, Eclat)
    *   Autoencoders

**Here's a table summarizing the key differences:**

| Feature          | Supervised Learning          | Unsupervised Learning        |
| ---------------- | ------------------------------ | ----------------------------- |
| Data             | Labeled (input + output)       | Unlabeled (input only)        |
| Goal             | Predict output for new data   | Discover patterns in data     |
| Learning Type    | Learning with a ""teacher""      | Learning without a ""teacher"" |
| Examples         | Classification, Regression     | Clustering, Dimensionality Reduction, Association Rule Mining |

**Analogy:**

*   **Supervised:** Imagine learning to identify different fruits.  You are shown pictures of apples labeled as ""apple,"" bananas labeled as ""banana,"" etc.  You learn to associate the visual features with the correct label.
*   **Unsupervised:** Imagine being given a pile of fruits without any labels. You might try to group them based on their color, shape, size, or other characteristics, discovering that some fruits are similar to each other.

**In short:**

*   **Supervised Learning: Predict the *what*.**
*   **Unsupervised Learning: Discover the *why*.**

Understanding the distinction between these two learning paradigms is crucial for choosing the right machine learning approach for a given problem. You need to consider the availability of labeled data and the specific goals you want to achieve.
",7.578,523,3,"The key difference between supervised and unsupervised learning lies in the **presence and use of labeled data**. Let's break it down:

**Supervised Learning:**

*   **Data:** Uses *labeled* data.  Labeled data means each data point has an associated ""ground truth"" or target variable. Think of it like a teacher providing answers along with questions.
*   **Goal:** To learn a mapping function (a model) that can predict the label (output) for new, unseen data based on the patterns it learned from the labeled training data.  Essentially, it learns to mimic the relationship between input and output.
*   **Examples:**
    *   **Classification:**  Predicting a category (e.g., spam/not spam email, cat/dog image recognition).
    *   **Regression:**  Predicting a continuous value (e.g., predicting house prices, stock prices).
*   **Analogy:**  Imagine you're teaching a child to identify different types of fruit. You show them an apple and say, ""This is an apple."" You repeat this process with different fruits, always labeling each one. Eventually, the child will be able to identify new apples and other fruits based on what they've learned.

**Unsupervised Learning:**

*   **Data:** Uses *unlabeled* data. The data only consists of input features, without any corresponding target variables.  There are no ""answers"" provided.
*   **Goal:** To discover hidden patterns, structures, or relationships within the data.  It's like exploring a dataset and trying to find groups, anomalies, or associations that weren't explicitly known.
*   **Examples:**
    *   **Clustering:**  Grouping similar data points together (e.g., customer segmentation, grouping news articles by topic).
    *   **Dimensionality Reduction:**  Reducing the number of variables while preserving essential information (e.g., simplifying complex datasets for visualization, improving model performance).
    *   **Association Rule Mining:**  Discovering relationships between items (e.g., market basket analysis - ""customers who buy X also tend to buy Y"").
*   **Analogy:**  Imagine giving a child a box of mixed-up toys (different shapes, colors, materials) without telling them what they are or how they should be organized.  The child might start grouping them based on color, shape, or material, discovering patterns on their own.

**Here's a table summarizing the key differences:**

| Feature           | Supervised Learning                  | Unsupervised Learning                |
|--------------------|--------------------------------------|--------------------------------------|
| **Data**           | Labeled (input features + target)   | Unlabeled (input features only)     |
| **Goal**           | Predict a target variable          | Discover hidden patterns & structure |
| **Type of Problems**| Classification, Regression           | Clustering, Dimensionality Reduction, Association Rule Mining |
| **Analogy**        | Learning with a teacher (answers provided)| Exploring without a teacher (discovering patterns) |

**In simple terms:**

*   **Supervised Learning:** You tell the algorithm what the ""right answer"" is for each example.
*   **Unsupervised Learning:** You let the algorithm find patterns and structures on its own.

**When to use which:**

*   **Supervised Learning:** Use when you have labeled data and you want to predict a specific outcome (e.g., predict customer churn, diagnose a disease).
*   **Unsupervised Learning:** Use when you don't have labeled data and you want to explore the data, find hidden patterns, or reduce its complexity (e.g., segment customers for targeted marketing, detect fraudulent transactions).
",15.361,498,2,"The key difference between supervised and unsupervised learning lies in the **presence and nature of labeled data**. Let's break it down:

**Supervised Learning:**

*   **Definition:**  Learning from a labeled dataset, where each data point is paired with a corresponding target value or label.  The algorithm learns a mapping function that predicts the label given the input features.
*   **Goal:** To learn a function that can accurately predict the output (label) for new, unseen data points.
*   **Data:**  Requires labeled data.  This means each input data point has a known, correct output associated with it.  For example:
    *   **Image Classification:** Images labeled as ""cat,"" ""dog,"" or ""bird.""
    *   **Spam Detection:** Emails labeled as ""spam"" or ""not spam.""
    *   **Regression:** House features (size, location, etc.) paired with their corresponding sale prices.
*   **Examples:**
    *   **Classification:**  Predicting a category (e.g., spam/not spam, cat/dog/bird).  Algorithms include:
        *   Logistic Regression
        *   Support Vector Machines (SVM)
        *   Decision Trees
        *   Random Forests
        *   Naive Bayes
        *   K-Nearest Neighbors (KNN)
        *   Neural Networks (e.g., Convolutional Neural Networks for image classification)
    *   **Regression:**  Predicting a continuous value (e.g., house price, temperature).  Algorithms include:
        *   Linear Regression
        *   Polynomial Regression
        *   Decision Trees
        *   Random Forests
        *   Support Vector Regression (SVR)
        *   Neural Networks

**Unsupervised Learning:**

*   **Definition:** Learning from an unlabeled dataset, where the algorithm must discover patterns, structures, and relationships within the data without any prior knowledge of the correct outputs.
*   **Goal:** To find hidden structures, patterns, or groupings in the data.
*   **Data:**  Uses unlabeled data.  There are no pre-defined categories or target values.  The algorithm must find the structure on its own.  For example:
    *   **Customer Segmentation:**  Data about customer purchases and demographics, without pre-defined customer groups.
    *   **Anomaly Detection:**  Data about network traffic, without knowing which traffic is malicious.
    *",5.12,297,1
How-To Question,How do you train a neural network?,"Step-by-step, instructional","Training a neural network is an iterative process of adjusting the network's parameters (weights and biases) to minimize the difference between its predictions and the actual target values. Here's a breakdown of the process:

**1. Data Preparation:**

*   **Collect Data:** Gather a large and representative dataset relevant to the task you want the network to perform. This dataset should include both input features (the data you feed into the network) and corresponding target values (the desired outputs).
*   **Clean and Preprocess Data:**
    *   **Handle Missing Values:** Impute or remove missing values.
    *   **Handle Outliers:** Identify and address outliers, which can skew training.
    *   **Feature Engineering:** Create new features from existing ones to improve performance (e.g., combining features, creating polynomial features).
    *   **Normalization/Standardization:** Scale the input features to a similar range. Common methods include:
        *   **Normalization (Min-Max Scaling):** Scales values to a range between 0 and 1.
        *   **Standardization (Z-score Scaling):** Scales values to have a mean of 0 and a standard deviation of 1.
    *   **Encoding Categorical Features:** Convert categorical features (e.g., colors, categories) into numerical representations (e.g., one-hot encoding, label encoding).
*   **Split Data:** Divide the dataset into three subsets:
    *   **Training Set:** Used to train the model.
    *   **Validation Set:** Used to monitor the model's performance during training and tune hyperparameters.  Helps prevent overfitting.
    *   **Test Set:** Used to evaluate the final trained model's performance on unseen data.  Provides an unbiased estimate of the model's generalization ability.

**2. Model Definition:**

*   **Choose an Architecture:** Select an appropriate neural network architecture based on the task. Common architectures include:
    *   **Feedforward Neural Networks (FFNNs):**  Basic networks suitable for many tasks.
    *   **Convolutional Neural Networks (CNNs):**  Excellent for image and video processing.
    *   **Recurrent Neural Networks (RNNs):**  Well-suited for sequential data like text and time series.
    *   **Transformers:**  Powerful for natural language processing and increasingly used in other domains.
*   **Define Layers:** Specify the number and types of layers in the network.  Key layer types:
    *   **Input Layer:** Receives the input features.
    *   **Hidden Layers:** Perform computations to extract features and learn patterns.
    *   **Output Layer:** Produces the final predictions.
*   **Choose Activation Functions:** Select activation functions for each layer. Activation functions introduce non-linearity, allowing the network to learn complex patterns. Common activation functions:
    *   **ReLU (Rectified Linear Unit):**  Simple and widely used.
    *   **Sigmoid:**  Outputs values between 0 and 1 (suitable for binary classification).
    *   **Tanh (Hyperbolic Tangent):**  Outputs values between -1 and 1.
    *   **Softmax:**  Outputs a probability distribution over multiple classes (suitable for multi-class classification).
*   **Initialize Weights and Biases:** Assign initial values to the network's weights and biases.  Good initialization strategies are crucial for efficient training. Common methods include:
    *   **Random Initialization:** Assigning small random values.
    *   **Xavier/Glorot Initialization:**  Considers the number of input and output neurons.
    *   **He Initialization:**  Specifically designed for ReLU activation.

**3. Training Loop:**

The core of training involves repeatedly feeding the network data and updating its parameters.

*   **Forward Propagation:**
    *   Feed the input data from the training set into the network.
    *   The input data propagates through the network, layer by layer.
    *   Each layer performs a weighted sum of its inputs, applies its activation function, and passes the result to the next layer.
    *   The network produces a prediction at the output layer.

*   **Calculate Loss:**
    *   Compare the network's prediction to the actual target value.
    *   Calculate the loss (or cost) using a loss function. The loss function quantifies the error between the prediction and the target. Common loss functions:
        *   **Mean Squared Error (MSE):**  Suitable for regression problems.
        *   **Binary Cross-Entropy:**  Suitable for binary classification.
        *   **Categorical Cross-Entropy:**  Suitable for multi-class classification.

*   **Backpropagation:**
    *   Calculate the gradients of the loss function with respect to the network's weights and biases.",7.784,622,1,"Training a neural network is a complex process, but the core concepts can be broken down into these steps:

**1. Data Preparation:**

*   **Gather Data:**  You need a large dataset of labeled examples.  Labeled means each input example has a corresponding correct output (target).  The dataset should be representative of the real-world scenarios your network will encounter.
*   **Clean and Preprocess:**
    *   **Handle Missing Values:** Impute or remove missing data points.
    *   **Normalize/Standardize:** Scale the input features to a similar range (e.g., 0-1 or a standard normal distribution). This helps the network learn more efficiently and prevents features with larger values from dominating the learning process. Common techniques include:
        *   **Min-Max Scaling:** Scales features to a range between 0 and 1.
        *   **Standardization (Z-score):** Scales features to have a mean of 0 and a standard deviation of 1.
    *   **Encoding Categorical Variables:** Convert categorical features (e.g., colors, categories) into numerical representations using techniques like:
        *   **One-Hot Encoding:** Creates binary columns for each category.
        *   **Label Encoding:** Assigns a unique integer to each category.
    *   **Feature Engineering (Optional):** Create new features from existing ones that might be more informative to the network.
*   **Split Data:** Divide the dataset into three sets:
    *   **Training Set:** Used to train the network's parameters.
    *   **Validation Set:** Used to monitor the network's performance during training and tune hyperparameters (more on this later).  It helps prevent overfitting.
    *   **Test Set:**  Used to evaluate the final trained model's performance on unseen data. It provides an unbiased estimate of how well the model will generalize to new data.

**2. Network Architecture:**

*   **Choose an Architecture:** Select the appropriate type of neural network for your task. Common types include:
    *   **Feedforward Neural Networks (Multilayer Perceptrons - MLPs):**  Suitable for general-purpose tasks like classification and regression.
    *   **Convolutional Neural Networks (CNNs):**  Excellent for image and video processing.
    *   **Recurrent Neural Networks (RNNs):** Designed for sequential data like text, time series, and audio.  LSTMs and GRUs are popular variations of RNNs.
    *   **Transformers:**  Increasingly popular for natural language processing and are finding applications in other domains.
*   **Define Layers:** Determine the number of layers and the number of neurons (units) in each layer.  This depends on the complexity of the problem.
    *   **Input Layer:**  The number of neurons corresponds to the number of input features.
    *   **Hidden Layers:**  Intermediate layers where the network learns complex representations.  The number of hidden layers and neurons in each layer are hyperparameters to be tuned.
    *   **Output Layer:** The number of neurons corresponds to the number of output classes (for classification) or the number of output values (for regression).
*   **Activation Functions:**  Choose an activation function for each hidden and output layer.  Activation functions introduce non-linearity, allowing the network to learn complex patterns. Common activation functions include:
    *   **ReLU (Rectified Linear Unit):**  Simple and widely used in hidden layers.
    *   **Sigmoid:**  Outputs values between 0 and 1, often used in the output layer for binary classification.
    *   **Tanh (Hyperbolic Tangent):**  Outputs values between -1 and 1.
    *   **Softmax:**  Outputs a probability distribution over multiple classes, commonly used in the output layer for multi-class classification.

**3. Loss Function:**

*   **Define a Loss Function:** Choose a loss function that quantifies the difference between the network's predictions and the true labels.  The goal of training is to minimize this loss. Common loss functions include:
    *   **Mean Squared Error (MSE):**  For regression tasks.
    *   **Binary Cross-Entropy:**  For binary classification.
    *   **Categorical Cross-Entropy:**  For multi-class classification.

**4. Optimization Algorithm:**

*   **Choose an Optimizer:** Select an optimization algorithm to update the network's parameters (weights and biases) to minimize the loss function. Common optimizers include:
    *   **Stochastic Gradient Descent (SGD):** A basic optimizer.
    *   **Adam:**  A popular and adaptive optimizer that often performs well.
    *   **RMSprop:**  Another adaptive optimizer.
    *   **AdamW:** A variant of Adam with improved regularization.
*   **Set Learning Rate:** The learning rate controls the size of the steps taken during optimization.  A smaller learning rate can lead to more accurate results but may take longer to converge. A larger learning rate can converge faster but may overshoot the optimal solution. Finding a good learning rate is crucial.

**5. Training Loop (The Iterative Process):**

This is the core of the training process.

*   **Epochs:**  One complete pass through the entire training dataset.
*   **Batches:**  Divide the training data into smaller batches.  Processing data in batches is more memory-efficient and can lead to faster convergence.
*   **For each epoch:**
    *   **For each batch:**
        *   **Forward Pass:**  Feed the batch of input data through the network to generate predictions.
        *   **Calculate Loss:**  Compute the loss function based on the difference between the predictions and the true labels.
        *   **Backward Pass (Backpropagation):**  Calculate the gradients of the loss function with respect to the network's parameters.  This tells us how much each parameter contributed to the error.  This uses the chain rule of calculus.
        *   **Update Parameters:**  Adjust the network's parameters using the optimization algorithm and the calculated gradients. The update rule is typically: `parameter = parameter - learning_rate * gradient`
    *   **Evaluate on Validation Set:** After each epoch (or a certain number of batches), evaluate the network's performance on the validation set. This helps monitor overfitting.

**6. Hyperparameter Tuning:**

*   **Tune Hyperparameters:** Experiment with different values for hyperparameters to find the configuration that yields the best performance on the validation set. Hyperparameters include:
    *   **Learning Rate:** Controls the step size during optimization.
    *   **Batch Size:**  The number of samples processed in each iteration.
    *   **Number of Layers and Neurons:**  The architecture of the network.
    *   **Activation Functions:** The choice of activation functions.
    *   **Regularization Techniques (e.g., L1/L2 regularization, dropout):**  Methods to prevent overfitting.
    *   **Optimizer:** The choice of optimization algorithm.
*   **Techniques for Hyperparameter Tuning:**
    *   **Manual Search:**  Experimenting with different combinations of hyperparameters manually.
    *   **Grid Search:**  Evaluating all possible combinations of hyperparameters within a defined range.
    *   **Random Search:**  Randomly sampling hyperparameters from a defined range. Often more efficient than grid search.
    *   **Bayesian Optimization:**  A more advanced technique that uses a probabilistic model to guide the search for optimal hyperparameters.

**7. Regularization (Preventing Overfitting):**

*   **Overfitting:** Occurs when the network learns the training data too well and performs poorly on unseen data.
*   **Regularization Techniques:**
    *   **L1/L2 Regularization:** Adds a penalty term to the loss function that discourages large weights.
    *   **Dropout:** Randomly drops out neurons during training, forcing the network to learn more robust representations.
    *   **Early Stopping:** Monitors the performance on the validation set and stops training when the performance starts to degrade.
    *   **Data Augmentation:**  Creates new training examples by applying transformations to the existing data (e.g., rotating, scaling, or cropping images).
    *   **Batch Normalization:** Normalizes the activations of each layer, which can improve training stability and generalization.

**8. Evaluation and Testing:**

*   **Evaluate on Test Set:** Once you are satisfied with the network's performance on the validation set, evaluate it on the test set to get an unbiased estimate of its generalization ability.
*   **Metrics:** Choose appropriate evaluation metrics for your task, such as:
    *   **Accuracy:**  For classification.
    *   **Precision, Recall, F1-score:** For classification with imbalanced datasets.
    *   **Mean Absolute Error (MAE):**  For regression.
    *   **R-squared:** For regression.
*   **Analyze Results:**  Analyze the results and identify areas where the network performs well and areas where it needs improvement.

**9. Deployment:**

*   **Save the Model:** Save the trained model's architecture and weights.
*   **Integrate into Application:** Integrate the model into your application or system.
*   **Monitor Performance:** Continuously monitor the model's performance in the real world and retrain it as needed.

**Key Considerations:**

*   **Computational Resources:** Training deep neural networks can be computationally expensive.  Consider using GPUs or cloud-based computing resources.
*   **Software Libraries:**  Use deep learning libraries such as TensorFlow, Py",13.113,1285,1,"Training a neural network is an iterative process of adjusting its parameters (weights and biases) to minimize the difference between its predictions and the actual target values. Here's a breakdown of the key steps involved:

**1. Data Preparation:**

*   **Gather Data:** Collect a large and representative dataset relevant to the task you want the network to perform.  The quality and quantity of data are crucial for good performance.
*   **Clean Data:** Handle missing values, outliers, and inconsistencies in the data.
*   **Preprocess Data:**
    *   **Normalization/Standardization:** Scale the input features to a similar range (e.g., 0-1 or a standard normal distribution). This helps the network learn more efficiently and prevents features with larger values from dominating the learning process.
    *   **Encoding Categorical Features:** Convert categorical features (e.g., colors, labels) into numerical representations (e.g., one-hot encoding, label encoding).
    *   **Feature Engineering (Optional):** Create new features from existing ones that might be more informative for the network.
*   **Split Data:** Divide the dataset into three subsets:
    *   **Training Set:** Used to train the network.
    *   **Validation Set:** Used to monitor the network's performance during training and tune hyperparameters.  This helps prevent overfitting.
    *   **Test Set:** Used to evaluate the final performance of the trained network on unseen data.

**2. Model Definition:**

*   **Choose an Architecture:** Select a suitable neural network architecture based on the task. Common architectures include:
    *   **Feedforward Neural Networks (FNNs):** For general-purpose tasks like classification and regression.
    *   **Convolutional Neural Networks (CNNs):** For image and video processing.
    *   **Recurrent Neural Networks (RNNs):** For sequential data like text and time series.
    *   **Transformers:** For natural language processing and increasingly for other modalities.
*   **Define Layers:** Specify the number and types of layers in the network.  Common layer types include:
    *   **Dense (Fully Connected) Layers:** Each neuron is connected to every neuron in the previous layer.
    *   **Convolutional Layers:** Apply filters to extract features from images or other data.
    *   **Pooling Layers:** Reduce the spatial dimensions of feature maps.
    *   **Recurrent",3.933,329,1
Application Question,What are real-world applications of computer vision?,"Practical, example-rich","Computer vision, the field of enabling computers to ""see"" and interpret images and videos, has a wide range of real-world applications that are constantly expanding. Here are some prominent examples across various industries:

**1. Healthcare:**

*   **Medical Imaging Analysis:** Analyzing X-rays, MRIs, CT scans, and other medical images to detect diseases, tumors, and abnormalities. This helps radiologists and doctors make more accurate and faster diagnoses.
*   **Robotic Surgery:** Guiding surgical robots with enhanced precision and control during minimally invasive procedures.
*   **Drug Discovery:** Analyzing microscopic images of cells and tissues to identify potential drug candidates.
*   **Patient Monitoring:** Monitoring patients remotely through video analysis to detect falls, changes in vital signs, or signs of distress.
*   **Assisted Living:** Helping elderly or disabled individuals with tasks like medication reminders, fall detection, and object recognition.

**2. Automotive:**

*   **Autonomous Driving:** Enabling self-driving cars to perceive their surroundings, including other vehicles, pedestrians, traffic lights, and road signs.
*   **Advanced Driver-Assistance Systems (ADAS):** Providing features like lane departure warning, adaptive cruise control, automatic emergency braking, and blind-spot monitoring.
*   **Driver Monitoring:** Detecting driver fatigue, drowsiness, and distraction to prevent accidents.
*   **Parking Assistance:** Helping drivers park more easily and safely.
*   **Traffic Management:** Analyzing traffic flow to optimize traffic signals and reduce congestion.

**3. Retail:**

*   **Inventory Management:** Tracking inventory levels on shelves using cameras and image analysis.
*   **Customer Behavior Analysis:** Monitoring customer movements and interactions within stores to optimize store layout and product placement.
*   **Loss Prevention:** Detecting shoplifting and other fraudulent activities.
*   **Automated Checkout:** Enabling cashier-less checkout systems using computer vision to identify and scan items.
*   **Personalized Shopping Experiences:** Recommending products to customers based on their facial expressions, demographics, and past purchases.

**4. Manufacturing:**

*   **Quality Control:** Inspecting products for defects and imperfections on assembly lines.
*   **Robotics and Automation:** Guiding robots to perform tasks such as welding, painting, and assembly.
*   **Predictive Maintenance:** Analyzing images and videos of equipment to detect early signs of wear and tear, preventing breakdowns.
*   **Worker Safety:** Monitoring worker movements and actions to ensure compliance with safety regulations.

**5. Agriculture:**

*   **Crop Monitoring:** Assessing crop health, detecting diseases, and estimating yields using drones and satellite imagery.
*   **Precision Agriculture:** Optimizing irrigation, fertilization, and pesticide application based on real-time data.
*   **Autonomous Harvesting:** Enabling robots to harvest crops automatically.
*   **Livestock Monitoring:** Tracking animal health and behavior.

**6. Security and Surveillance:**

*   **Facial Recognition:** Identifying individuals in crowds or at checkpoints.
*   **Object Detection:** Detecting suspicious objects or activities in public spaces.
*   **Anomaly Detection:** Identifying unusual events or patterns in video footage.
*   **Access Control:** Granting access to secure areas based on facial recognition or other biometric data.

**7. Entertainment:**

*   **Motion Capture:** Tracking the movements of actors for creating realistic animations and special effects.
*   **Virtual and Augmented Reality:** Enhancing user experiences with interactive and immersive content.
*   **Facial Filters and Effects:** Applying real-time filters and effects to faces in videos and photos.
*   **Content Recommendation:** Recommending movies, TV shows, and other content based on user preferences.

**8. Smart Cities:**

*   **Traffic Management:** Optimizing traffic flow and reducing congestion.
*   **Public Safety:** Monitoring public spaces for crime and other emergencies.
*   **Waste Management:** Optimizing waste collection routes and reducing landfill waste.
*   **Energy Efficiency:** Monitoring energy consumption and identifying opportunities for conservation.

**9.  Defense and Military:**

*   **Target Recognition:** Identifying and tracking targets in combat situations.
*   **Surveillance and Reconnaissance:** Gathering intelligence from aerial and ground-based imagery.
*   **Autonomous Vehicles:** Developing unmanned vehicles for reconnaissance, surveillance, and transportation.

**10.  Social Media:**

*   **Image and Video Classification:** Categorizing images and videos based on their content.
*   **Object Detection:** Identifying objects and people in images and videos.
*   **Facial Recognition:** Tagging people in photos and videos.
*   **Content Moderation:** Identifying and removing inappropriate content.

**General Trends and Future Applications:**

*   **Edge Computing:**  Processing computer vision tasks directly on devices (cameras, drones, robots) rather than sending data to the cloud, improving latency and privacy.
*   **AI-powered Visual Search:**",9.169,663,4,"Computer vision, the field that allows computers to ""see"" and interpret images, is rapidly transforming various industries and aspects of our daily lives. Here are some real-world applications, categorized for clarity:

**1. Healthcare:**

*   **Medical Image Analysis:**
    *   Detecting diseases (cancer, Alzheimer's) from X-rays, CT scans, MRIs, and ultrasounds.
    *   Assisting surgeons with navigation and precision during operations.
    *   Analyzing microscopic images for cell counting and pathology.
*   **Diagnosis and Monitoring:**
    *   Automated skin lesion analysis for early detection of skin cancer.
    *   Retinal image analysis for detecting diabetic retinopathy and glaucoma.
    *   Patient monitoring via video for fall detection, vital sign tracking (heart rate, breathing rate).
*   **Robotics in Healthcare:**
    *   Surgical robots guided by computer vision for minimally invasive procedures.
    *   Robotics assistance to assist patients in rehabilitation

**2. Automotive & Transportation:**

*   **Self-Driving Cars (Autonomous Vehicles):**
    *   Object detection (pedestrians, vehicles, traffic signs, lane markings).
    *   Scene understanding (road geometry, weather conditions).
    *   Navigation and path planning.
*   **Advanced Driver-Assistance Systems (ADAS):**
    *   Lane departure warning.
    *   Automatic emergency braking.
    *   Adaptive cruise control.
    *   Blind spot detection.
*   **Traffic Management:**
    *   Traffic flow monitoring and optimization.
    *   License plate recognition.
    *   Incident detection (accidents, congestion).
*   **Automated Parking Systems:**
    *   Guiding vehicles into parking spaces.
    *   Detecting available parking spots.

**3. Retail & E-commerce:**

*   **Automated Checkout:**
    *   Identifying products without scanning barcodes (Amazon Go).
    *   Customer tracking and behavior analysis.
*   **Visual Search:**
    *   Searching for products based on images rather than text.
    *   Suggesting similar items based on a given image.
*   **Inventory Management:**
    *   Monitoring stock levels on shelves.
    *   Detecting misplaced items.
*   **Personalized Recommendations:**
    *   Analyzing customer facial expressions to gauge their reaction to products.
    *   Tailoring product recommendations based on visual preferences.

**4. Agriculture:**

*   **Crop Monitoring:**
    *   Assessing crop health and yield.
    *   Detecting diseases and pests.
*   **Precision Agriculture:**
    *   Automated weed control and targeted application of fertilizers.
    *   Autonomous harvesting robots.
*   **Livestock Management:**
    *   Monitoring animal health and behavior.
    *   Tracking animal movement and location.

**5. Manufacturing & Industry:**

*   **Quality Control:**
    *   Inspecting products for defects on assembly lines.
    *   Ensuring compliance with quality standards.
*   **Robotics in Manufacturing:**
    *   Guiding robots for assembly, welding, and painting.
    *   Picking and placing objects with precision.
*   **Predictive Maintenance:**
    *   Analyzing visual data to predict equipment failures.
*   **Worker Safety:**
    *   Monitoring worker behavior to ensure adherence to safety protocols.
    *   Detecting potential hazards in the workplace.

**6. Security & Surveillance:**

*   **Facial Recognition:**
    *   Identifying individuals for access control and security.
    *   Automated surveillance systems.
*   **Object Detection & Tracking:**
    *   Detecting suspicious objects or activities in public spaces.
    *   Perimeter security and intrusion detection.
*   **Anomaly Detection:**
    *   Identifying unusual patterns or events in video footage.

**7. Entertainment & Media:**

*   **Special Effects:**
    *   Motion capture and visual effects for movies and video games.
    *   Real-time face tracking for virtual avatars.
*   **Content Creation:**
    *   Automated video editing and summarization.
    *   Image and video enhancement.
*   **Social Media:**
    *   Face detection and recognition in photos and videos.
    *   Object recognition for tagging and filtering content.
    *   Augmented reality filters.

**8. Robotics:**

*   **Navigation and Mapping:**
    *   Enabling robots to navigate complex environments.
    *   Creating 3D maps of surroundings.
*   **Object Manipulation:**
    *   Enabling robots to grasp and manipulate objects with dexterity.
    *   Pick-and-place tasks in warehouses and factories.
*   **Human-Robot Interaction:**
    *   Enabling robots to understand human gestures and commands.

**9. Environmental Monitoring:**

*   **Wildlife Monitoring:**
    *   Identifying and tracking animal populations.
    *   Detecting poaching activities.
*   **Pollution Monitoring:**
    *   Detecting and quantifying pollution levels in air and water.
*   **Deforestation Monitoring:**
    *   Tracking deforestation rates and illegal logging.

**10.  Augmented Reality (AR) and Virtual Reality (VR):**

*   **Object Tracking and Recognition:**
    *   Anchoring virtual objects to real-world surfaces.
    *   Interacting with virtual environments using hand gestures.

**General Applications:**

*   **Image Search Engines:**  (Google Images, Bing Visual Search)
*   **Social Media Platforms:**  (Facebook's face recognition, Snapchat's filters)
*   **Photo Editing Software:**  (Adobe Photoshop, GIMP)
*   **Mobile Apps:**  (Object recognition apps, barcode scanners)

This list provides a wide range of examples, and the applications of computer vision are constantly evolving as the technology advances. The potential impact of computer vision on society is enormous, and we can expect to see even more innovative uses in the future.
",11.978,721,3,"Computer vision is rapidly transforming various industries and aspects of our lives. Here are some real-world applications, categorized for clarity:

**1. Healthcare:**

*   **Medical Imaging Analysis:**
    *   **Diagnosis:** Assisting radiologists in detecting tumors, anomalies, and diseases in X-rays, MRIs, CT scans, and ultrasounds.
    *   **Treatment Planning:**  Creating 3D models from medical images for surgical planning and radiation therapy.
    *   **Drug Discovery:** Analyzing microscopic images of cells and tissues to identify potential drug candidates.
*   **Robotic Surgery:** Guiding surgical robots with enhanced precision and visualization.
*   **Patient Monitoring:**  Analyzing video feeds to monitor patient vital signs, detect falls, and ensure medication adherence.
*   **Telemedicine:**  Enabling remote diagnosis and consultations through image and video analysis.
*   **Personalized Medicine:** Analyzing patient images to predict treatment outcomes and tailor therapies.
*   **Diabetic Retinopathy Screening:** Automated analysis of retinal images to detect early signs of diabetic retinopathy.

**2. Automotive and Transportation:**

*   **Autonomous Vehicles (Self-Driving Cars):**
    *   **Object Detection:** Identifying pedestrians, vehicles, traffic signs, and other obstacles.
    *   **Lane Detection:** Recognizing lane markings to stay within the correct lane.
    *   **Traffic Light Recognition:** Interpreting traffic signals.
    *   **Navigation:** Creating maps and navigating routes.
*   **Advanced Driver-Assistance Systems (ADAS):**
    *   **Adaptive Cruise Control:** Maintaining a safe distance from other vehicles.
    *   **Lane Departure Warning:** Alerting drivers when they drift out of their lane.
    *   **Automatic Emergency Braking:**  Detecting potential collisions and automatically applying the brakes.
    *   **Blind Spot Monitoring:**  Detecting vehicles in the driver's blind spot.
*   **Traffic Management:**
    *   **Traffic Flow Monitoring:** Analyzing video feeds to optimize traffic flow and reduce congestion.
    *   **Incident Detection:** Automatically detecting accidents and other incidents.
    *   **License Plate Recognition:** Identifying vehicles for law enforcement and toll collection.
*   **Parking Assistance:**  Helping drivers find and park in available spaces.
*   **Driver Monitoring:**  Detecting driver fatigue or distraction.

**3. Retail and E-commerce:**

*   **Product Recognition:**
",5.021,304,2
